instrument,expected_return
INSTRUMENT_1,3.8065194397756856e-04
INSTRUMENT_2,5.3017983278648439e-04
INSTRUMENT_3,1.4429888240964883e-04
INSTRUMENT_4,1.1760613675618657e-04
INSTRUMENT_5,-3.9981698418118338e-05
INSTRUMENT_6,-1.5621796792533329e-05
INSTRUMENT_7,2.7616916556083234e-04
INSTRUMENT_8,-6.2076003317208426e-05
INSTRUMENT_9,1.0827525641318371e-03
INSTRUMENT_10,8.4519468142249597e-04
